date,close,high,low,open,volume,adjClose,adjHigh,adjLow,adjOpen,adjVolume,divCash,splitFactor
2021-01-04 00:00:00+00:00,729.77,744.4899,717.1895,719.46,48638189,243.2566666667,248.1633,239.0631666667,239.82,145914567,0.0,1.0
2021-01-05 00:00:00+00:00,735.11,740.84,719.2,723.66,32245165,245.0366666667,246.9466666667,239.7333333333,241.22,96735495,0.0,1.0
2021-01-06 00:00:00+00:00,755.98,774.0,749.1,758.49,44699965,251.9933333333,258.0,249.7,252.83,134099895,0.0,1.0
2021-01-07 00:00:00+00:00,816.04,816.99,775.2,777.63,51498948,272.0133333333,272.33,258.4,259.21,154496844,0.0,1.0
2021-01-08 00:00:00+00:00,880.02,884.49,838.39,856.0,75055528,293.34,294.83,279.4633333333,285.3333333333,225166584,0.0,1.0
2021-01-11 00:00:00+00:00,811.19,854.43,803.6222,849.4,59554146,270.3966666667,284.81,267.8740666667,283.1333333333,178662438,0.0,1.0
2021-01-12 00:00:00+00:00,849.44,868.0,827.34,831.0,45985569,283.1466666667,289.3333333333,275.78,277.0,137956707,0.0,1.0
2021-01-13 00:00:00+00:00,854.41,860.47,832.0,852.76,33312496,284.8033333333,286.8233333333,277.3333333333,284.2533333333,99937488,0.0,1.0
2021-01-14 00:00:00+00:00,845.0,863.0,838.75,843.39,31266327,281.6666666667,287.6666666667,279.5833333333,281.13,93798981,0.0,1.0
2021-01-15 00:00:00+00:00,826.16,859.9,819.1,852.0,38777596,275.3866666667,286.6333333333,273.0333333333,284.0,116332788,0.0,1.0
2021-01-19 00:00:00+00:00,844.55,850.0,833.0,837.8,25366980,281.5166666667,283.3333333333,277.6666666667,279.2666666667,76100940,0.0,1.0
2021-01-20 00:00:00+00:00,850.45,859.5,837.28,858.74,25665883,283.4833333333,286.5,279.0933333333,286.2466666667,76997649,0.0,1.0
2021-01-21 00:00:00+00:00,844.99,855.7199,841.4201,855.0,20598133,281.6633333333,285.2399666667,280.4733666667,285.0,61794399,0.0,1.0
2021-01-22 00:00:00+00:00,846.64,848.0,828.62,834.31,20066497,282.2133333333,282.6666666667,276.2066666667,278.1033333333,60199491,0.0,1.0
2021-01-25 00:00:00+00:00,880.8,900.4,838.8201,855.0,41173397,293.6,300.1333333333,279.6067,285.0,123520191,0.0,1.0
2021-01-26 00:00:00+00:00,883.09,895.9,871.6,891.38,23131603,294.3633333333,298.6333333333,290.5333333333,297.1266666667,69394809,0.0,1.0
2021-01-27 00:00:00+00:00,864.16,891.5,858.66,870.35,27333955,288.0533333333,297.1666666667,286.22,290.1166666667,82001865,0.0,1.0
2021-01-28 00:00:00+00:00,835.43,848.0,801.0,820.0,26378048,278.4766666667,282.6666666667,267.0,273.3333333333,79134144,0.0,1.0
2021-01-29 00:00:00+00:00,793.53,842.41,780.1,830.0003,34990754,264.51,280.8033333333,260.0333333333,276.6667666667,104972262,0.0,1.0
2021-02-01 00:00:00+00:00,839.81,842.0,795.5601,814.29,25391385,279.9366666667,280.6666666667,265.1867,271.43,76174155,0.0,1.0
2021-02-02 00:00:00+00:00,872.79,880.5,842.2006,844.68,23998098,290.93,293.5,280.7335333333,281.56,71994294,0.0,1.0
2021-02-03 00:00:00+00:00,854.69,878.08,853.0646,877.02,18343510,284.8966666667,292.6933333333,284.3548666667,292.34,55030530,0.0,1.0
2021-02-04 00:00:00+00:00,849.99,856.5,833.42,855.0,15812661,283.33,285.5,277.8066666667,285.0,47437983,0.0,1.0
2021-02-05 00:00:00+00:00,852.23,864.77,838.97,845.0,18566637,284.0766666667,288.2566666667,279.6566666667,281.6666666667,55699911,0.0,1.0
2021-02-08 00:00:00+00:00,863.42,877.77,854.75,869.67,20161719,287.8066666667,292.59,284.9166666667,289.89,60485157,0.0,1.0
2021-02-09 00:00:00+00:00,849.46,859.8,841.75,855.12,15027305,283.1533333333,286.6,280.5833333333,285.04,45081915,0.0,1.0
2021-02-10 00:00:00+00:00,804.82,844.82,800.02,843.635,35723444,268.2733333333,281.6066666667,266.6733333333,281.2116666667,107170332,0.0,1.0
2021-02-11 00:00:00+00:00,811.66,829.8799,801.725,812.44,21622753,270.5533333333,276.6266333333,267.2416666667,270.8133333333,64868259,0.0,1.0
2021-02-12 00:00:00+00:00,816.12,817.33,785.3306,801.26,23768313,272.04,272.4433333333,261.7768666667,267.0866666667,71304939,0.0,1.0
2021-02-16 00:00:00+00:00,796.22,821.0,792.44,818.0,19802324,265.4066666667,273.6666666667,264.1466666667,272.6666666667,59406972,0.0,1.0
2021-02-17 00:00:00+00:00,798.15,799.84,762.01,779.09,25878526,266.05,266.6133333333,254.0033333333,259.6966666667,77635578,0.0,1.0
2021-02-18 00:00:00+00:00,787.38,794.69,776.27,780.9,17957058,262.46,264.8966666667,258.7566666667,260.3,53871174,0.0,1.0
2021-02-19 00:00:00+00:00,781.3,796.7899,777.37,795.0,18958255,260.4333333333,265.5966333333,259.1233333333,265.0,56874765,0.0,1.0
2021-02-22 00:00:00+00:00,714.5,768.5,710.2,762.64,36594555,238.1666666667,256.1666666667,236.7333333333,254.2133333333,109783665,0.0,1.0
2021-02-23 00:00:00+00:00,698.84,713.6099,619.0,662.13,66606882,232.9466666667,237.8699666667,206.3333333333,220.71,199820646,0.0,1.0
2021-02-24 00:00:00+00:00,742.02,745.0,694.17,711.85,36766950,247.34,248.3333333333,231.39,237.2833333333,110300850,0.0,1.0
2021-02-25 00:00:00+00:00,682.22,737.2066,670.58,726.15,38126722,227.4066666667,245.7355333333,223.5266666667,242.05,114380166,0.0,1.0
2021-02-26 00:00:00+00:00,675.5,706.7,659.51,700.0,39767316,225.1666666667,235.5666666667,219.8366666667,233.3333333333,119301948,0.0,1.0
2021-03-01 00:00:00+00:00,718.43,719.0,685.05,690.11,27136239,239.4766666667,239.6666666667,228.35,230.0366666667,81408717,0.0,1.0
2021-03-02 00:00:00+00:00,686.44,721.11,685.0,718.28,23732158,228.8133333333,240.37,228.3333333333,239.4266666667,71196474,0.0,1.0
2021-03-03 00:00:00+00:00,653.2,700.7,651.705,687.99,30207960,217.7333333333,233.5666666667,217.235,229.33,90623880,0.0,1.0
2021-03-04 00:00:00+00:00,621.44,668.45,600.0,655.8,64799898,207.1466666667,222.8166666667,200.0,218.6,194399694,0.0,1.0
2021-03-05 00:00:00+00:00,597.95,627.8419,539.49,626.06,89396459,199.3166666667,209.2806333333,179.83,208.6866666667,268189377,0.0,1.0
2021-03-08 00:00:00+00:00,563.0,620.125,558.79,600.55,51786958,187.6666666667,206.7083333333,186.2633333333,200.1833333333,155360874,0.0,1.0
2021-03-09 00:00:00+00:00,673.58,678.09,595.21,608.18,67523328,224.5266666667,226.03,198.4033333333,202.7266666667,202569984,0.0,1.0
2021-03-10 00:00:00+00:00,668.06,717.85,655.06,700.3,60605672,222.6866666667,239.2833333333,218.3533333333,233.4333333333,181817016,0.0,1.0
2021-03-11 00:00:00+00:00,699.6,702.5,677.18,699.4,36253892,233.2,234.1666666667,225.7266666667,233.1333333333,108761676,0.0,1.0
2021-03-12 00:00:00+00:00,693.73,694.88,666.1394,670.0,33583840,231.2433333333,231.6266666667,222.0464666667,223.3333333333,100751520,0.0,1.0
2021-03-15 00:00:00+00:00,707.94,713.18,684.04,694.09,29423479,235.98,237.7266666667,228.0133333333,231.3633333333,88270437,0.0,1.0
2021-03-16 00:00:00+00:00,676.88,707.92,671.0,703.35,32195672,225.6266666667,235.9733333333,223.6666666667,234.45,96587016,0.0,1.0
2021-03-17 00:00:00+00:00,701.81,703.73,651.01,656.87,40372453,233.9366666667,234.5766666667,217.0033333333,218.9566666667,121117359,0.0,1.0
2021-03-18 00:00:00+00:00,653.16,689.23,652.0,684.29,33369022,217.72,229.7433333333,217.3333333333,228.0966666667,100107066,0.0,1.0
2021-03-19 00:00:00+00:00,654.87,657.23,624.6201,646.6,42893978,218.29,219.0766666667,208.2067,215.5333333333,128681934,0.0,1.0
2021-03-22 00:00:00+00:00,670.0,699.62,668.75,684.59,39512221,223.3333333333,233.2066666667,222.9166666667,228.1966666667,118536663,0.0,1.0
2021-03-23 00:00:00+00:00,662.16,677.8,657.51,675.77,30491870,220.72,225.9333333333,219.17,225.2566666667,91475610,0.0,1.0
2021-03-24 00:00:00+00:00,630.27,668.02,630.11,667.91,33795174,210.09,222.6733333333,210.0366666667,222.6366666667,101385522,0.0,1.0
2021-03-25 00:00:00+00:00,640.39,645.5,609.5,613.0,39224850,213.4633333333,215.1666666667,203.1666666667,204.3333333333,117674550,0.0,1.0
2021-03-26 00:00:00+00:00,618.71,643.82,599.89,641.87,33852827,206.2366666667,214.6066666667,199.9633333333,213.9566666667,101558481,0.0,1.0
2021-03-29 00:00:00+00:00,611.29,616.48,596.02,615.64,28636985,203.7633333333,205.4933333333,198.6733333333,205.2133333333,85910955,0.0,1.0
2021-03-30 00:00:00+00:00,635.62,637.66,591.01,601.75,39432359,211.8733333333,212.5533333333,197.0033333333,200.5833333333,118297077,0.0,1.0
2021-03-31 00:00:00+00:00,667.93,672.0,641.11,646.62,33337288,222.6433333333,224.0,213.7033333333,215.54,100011864,0.0,1.0
2021-04-01 00:00:00+00:00,661.75,692.4203,659.42,688.37,35298378,220.5833333333,230.8067666667,219.8066666667,229.4566666667,105895134,0.0,1.0
2021-04-05 00:00:00+00:00,691.05,708.16,684.7,707.71,41842767,230.35,236.0533333333,228.2333333333,235.9033333333,125528301,0.0,1.0
2021-04-06 00:00:00+00:00,691.62,696.55,681.37,690.3,28271839,230.54,232.1833333333,227.1233333333,230.1,84815517,0.0,1.0
2021-04-07 00:00:00+00:00,670.97,691.38,667.84,687.0,26309433,223.6566666667,230.46,222.6133333333,229.0,78928299,0.0,1.0
2021-04-08 00:00:00+00:00,683.8,689.5499,671.645,677.38,23924329,227.9333333333,229.8499666667,223.8816666667,225.7933333333,71772987,0.0,1.0
2021-04-09 00:00:00+00:00,677.02,680.97,669.43,677.77,21437087,225.6733333333,226.99,223.1433333333,225.9233333333,64311261,0.0,1.0
2021-04-12 00:00:00+00:00,701.98,704.8,682.09,685.7,29135670,233.9933333333,234.9333333333,227.3633333333,228.5666666667,87407010,0.0,1.0
2021-04-13 00:00:00+00:00,762.32,763.0,710.66,712.7,44652808,254.1066666667,254.3333333333,236.8866666667,237.5666666667,133958424,0.0,1.0
2021-04-14 00:00:00+00:00,732.23,780.79,728.03,770.7,49017434,244.0766666667,260.2633333333,242.6766666667,256.9,147052302,0.0,1.0
2021-04-15 00:00:00+00:00,738.85,743.69,721.31,743.1,27848900,246.2833333333,247.8966666667,240.4366666667,247.7,83546700,0.0,1.0
2021-04-16 00:00:00+00:00,739.78,749.41,724.6,728.65,27979526,246.5933333333,249.8033333333,241.5333333333,242.8833333333,83938578,0.0,1.0
2021-04-19 00:00:00+00:00,714.63,725.4,691.8001,719.6,39686226,238.21,241.8,230.6000333333,239.8666666667,119058678,0.0,1.0
2021-04-20 00:00:00+00:00,718.99,737.25,710.685,717.42,35609038,239.6633333333,245.75,236.895,239.14,106827114,0.0,1.0
2021-04-21 00:00:00+00:00,744.12,744.84,698.0,704.77,31215514,248.04,248.28,232.6666666667,234.9233333333,93646542,0.0,1.0
2021-04-22 00:00:00+00:00,719.69,753.77,718.04,741.5,35590255,239.8966666667,251.2566666667,239.3466666667,247.1666666667,106770765,0.0,1.0
2021-04-23 00:00:00+00:00,729.4,737.36,715.46,719.8,28413889,243.1333333333,245.7866666667,238.4866666667,239.9333333333,85241667,0.0,1.0
2021-04-26 00:00:00+00:00,738.2,749.3,732.6053,741.0,31038502,246.0666666667,249.7666666667,244.2017666667,247.0,93115506,0.0,1.0
2021-04-27 00:00:00+00:00,704.74,724.0,703.3501,717.96,29436995,234.9133333333,241.3333333333,234.4500333333,239.32,88310985,0.0,1.0
2021-04-28 00:00:00+00:00,694.4,708.5,693.6,696.41,22271047,231.4666666667,236.1666666667,231.2,232.1366666667,66813141,0.0,1.0
2021-04-29 00:00:00+00:00,677.0,702.25,668.5002,699.51,28845449,225.6666666667,234.0833333333,222.8334,233.17,86536347,0.0,1.0
2021-04-30 00:00:00+00:00,709.44,715.47,666.14,667.59,40758722,236.48,238.49,222.0466666667,222.53,122276166,0.0,1.0
2021-05-03 00:00:00+00:00,684.9,706.0,680.5,703.8,27043143,228.3,235.3333333333,226.8333333333,234.6,81129429,0.0,1.0
2021-05-04 00:00:00+00:00,673.6,683.4464,657.701,678.94,29739319,224.5333333333,227.8154666667,219.2336666667,226.3133333333,89217957,0.0,1.0
2021-05-05 00:00:00+00:00,670.94,685.2955,667.34,681.06,21901894,223.6466666667,228.4318333333,222.4466666667,227.02,65705682,0.0,1.0
2021-05-06 00:00:00+00:00,663.54,681.02,650.0,680.76,27784619,221.18,227.0066666667,216.6666666667,226.92,83353857,0.0,1.0
2021-05-07 00:00:00+00:00,672.37,690.0,660.22,665.8,23469172,224.1233333333,230.0,220.0733333333,221.9333333333,70407516,0.0,1.0
2021-05-10 00:00:00+00:00,629.04,665.05,627.6101,664.9,31392417,209.68,221.6833333333,209.2033666667,221.6333333333,94177251,0.0,1.0
2021-05-11 00:00:00+00:00,617.2,627.0999,595.6,599.24,46503896,205.7333333333,209.0333,198.5333333333,199.7466666667,139511688,0.0,1.0
2021-05-12 00:00:00+00:00,589.89,620.41,586.765,602.49,33823646,196.63,206.8033333333,195.5883333333,200.83,101470938,0.0,1.0
2021-05-13 00:00:00+00:00,571.69,606.4599,559.65,601.545,44184916,190.5633333333,202.1533,186.55,200.515,132554748,0.0,1.0
2021-05-14 00:00:00+00:00,589.74,592.87,570.46,583.41,33370856,196.58,197.6233333333,190.1533333333,194.47,100112568,0.0,1.0
2021-05-17 00:00:00+00:00,576.83,589.73,561.2,575.5531,32390360,192.2766666667,196.5766666667,187.0666666667,191.8510333333,97171080,0.0,1.0
2021-05-18 00:00:00+00:00,577.87,596.25,563.38,568.0,36830567,192.6233333333,198.75,187.7933333333,189.3333333333,110491701,0.0,1.0
2021-05-19 00:00:00+00:00,563.46,566.21,546.98,552.55,39578395,187.82,188.7366666667,182.3266666667,184.1833333333,118735185,0.0,1.0
2021-05-20 00:00:00+00:00,586.78,588.85,571.07,575.0,30821119,195.5933333333,196.2833333333,190.3566666667,191.6666666667,92463357,0.0,1.0
2021-05-21 00:00:00+00:00,580.88,596.68,580.0,596.11,26030595,193.6266666667,198.8933333333,193.3333333333,198.7033333333,78091785,0.0,1.0
2021-05-24 00:00:00+00:00,606.44,614.48,573.65,581.6,34558089,202.1466666667,204.8266666667,191.2166666667,193.8666666667,103674267,0.0,1.0
2021-05-25 00:00:00+00:00,604.69,613.99,595.71,607.31,28005933,201.5633333333,204.6633333333,198.57,202.4366666667,84017799,0.0,1.0
2021-05-26 00:00:00+00:00,619.13,626.17,601.5,607.56,28639305,206.3766666667,208.7233333333,200.5,202.52,85917915,0.0,1.0
2021-05-27 00:00:00+00:00,630.85,631.13,616.21,620.24,26370593,210.2833333333,210.3766666667,205.4033333333,206.7466666667,79111779,0.0,1.0
2021-05-28 00:00:00+00:00,625.22,635.59,622.38,628.5,22737038,208.4066666667,211.8633333333,207.46,209.5,68211114,0.0,1.0
2021-06-01 00:00:00+00:00,623.9,633.8,620.55,627.8,18084890,207.9666666667,211.2666666667,206.85,209.2666666667,54254670,0.0,1.0
2021-06-02 00:00:00+00:00,605.12,623.36,599.14,620.13,23302779,201.7066666667,207.7866666667,199.7133333333,206.71,69908337,0.0,1.0
2021-06-03 00:00:00+00:00,572.84,604.55,571.22,601.8,30111893,190.9466666667,201.5166666667,190.4066666667,200.6,90335679,0.0,1.0
2021-06-04 00:00:00+00:00,599.05,600.61,577.2,579.71,24036896,199.6833333333,200.2033333333,192.4,193.2366666667,72110688,0.0,1.0
2021-06-07 00:00:00+00:00,605.13,610.0,582.88,591.825,22543682,201.71,203.3333333333,194.2933333333,197.275,67631046,0.0,1.0
2021-06-08 00:00:00+00:00,603.59,623.09,595.5,623.01,26053405,201.1966666667,207.6966666667,198.5,207.67,78160215,0.0,1.0
2021-06-09 00:00:00+00:00,598.78,611.79,597.6301,602.17,16584566,199.5933333333,203.93,199.2100333333,200.7233333333,49753698,0.0,1.0
2021-06-10 00:00:00+00:00,610.12,616.59,600.5,603.88,23919606,203.3733333333,205.53,200.1666666667,201.2933333333,71758818,0.0,1.0
2021-06-11 00:00:00+00:00,609.89,612.56,601.52,610.23,16205303,203.2966666667,204.1866666667,200.5066666667,203.41,48615909,0.0,1.0
2021-06-14 00:00:00+00:00,617.69,625.49,609.18,612.23,20423983,205.8966666667,208.4966666667,203.06,204.0766666667,61271949,0.0,1.0
2021-06-15 00:00:00+00:00,599.36,616.79,598.23,616.69,17764145,199.7866666667,205.5966666667,199.41,205.5633333333,53292435,0.0,1.0
2021-06-16 00:00:00+00:00,604.87,608.5,593.5,597.535,21845739,201.6233333333,202.8333333333,197.8333333333,199.1783333333,65537217,0.0,1.0
2021-06-17 00:00:00+00:00,616.6,621.47,601.34,601.8878,22701350,205.5333333333,207.1566666667,200.4466666667,200.6292666667,68104050,0.0,1.0
2021-06-18 00:00:00+00:00,623.31,628.35,611.8,613.37,24560905,207.77,209.45,203.9333333333,204.4566666667,73682715,0.0,1.0
2021-06-21 00:00:00+00:00,620.83,631.39,608.88,624.48,24812741,206.9433333333,210.4633333333,202.96,208.16,74438223,0.0,1.0
2021-06-22 00:00:00+00:00,623.71,628.5693,615.5,618.25,19158892,207.9033333333,209.5231,205.1666666667,206.0833333333,57476676,0.0,1.0
2021-06-23 00:00:00+00:00,656.57,657.204,630.04,632.0,31099228,218.8566666667,219.068,210.0133333333,210.6666666667,93297684,0.0,1.0
2021-06-24 00:00:00+00:00,679.82,697.62,667.61,674.99,45982386,226.6066666667,232.54,222.5366666667,224.9966666667,137947158,0.0,1.0
2021-06-25 00:00:00+00:00,671.87,693.81,668.7,689.58,32496707,223.9566666667,231.27,222.9,229.86,97490121,0.0,1.0
2021-06-28 00:00:00+00:00,688.72,694.6999,670.32,671.64,21628159,229.5733333333,231.5666333333,223.44,223.88,64884477,0.0,1.0
2021-06-29 00:00:00+00:00,680.76,687.5099,675.89,684.65,17381313,226.92,229.1699666667,225.2966666667,228.2166666667,52143939,0.0,1.0
2021-06-30 00:00:00+00:00,679.7,692.81,678.14,679.77,18924862,226.5666666667,230.9366666667,226.0466666667,226.59,56774586,0.0,1.0
2021-07-01 00:00:00+00:00,677.92,687.99,672.8,683.92,18634522,225.9733333333,229.33,224.2666666667,227.9733333333,55903566,0.0,1.0
2021-07-02 00:00:00+00:00,678.9,700.0,673.26,678.98,27097374,226.3,233.3333333333,224.42,226.3266666667,81292122,0.0,1.0
2021-07-06 00:00:00+00:00,659.58,684.0,651.4002,681.7115,23284450,219.86,228.0,217.1334,227.2371666667,69853350,0.0,1.0
2021-07-07 00:00:00+00:00,644.65,665.7,638.32,664.27,18791960,214.8833333333,221.9,212.7733333333,221.4233333333,56375880,0.0,1.0
2021-07-08 00:00:00+00:00,652.81,654.43,620.46,628.37,22773316,217.6033333333,218.1433333333,206.82,209.4566666667,68319948,0.0,1.0
2021-07-09 00:00:00+00:00,656.95,658.91,644.69,653.185,18140548,218.9833333333,219.6366666667,214.8966666667,217.7283333333,54421644,0.0,1.0
2021-07-12 00:00:00+00:00,685.7,687.24,662.161,662.2,25927042,228.5666666667,229.08,220.7203333333,220.7333333333,77781126,0.0,1.0
2021-07-13 00:00:00+00:00,668.54,693.28,666.2958,686.32,20966092,222.8466666667,231.0933333333,222.0986,228.7733333333,62898276,0.0,1.0
2021-07-14 00:00:00+00:00,653.38,678.6099,652.84,670.75,21641190,217.7933333333,226.2033,217.6133333333,223.5833333333,64923570,0.0,1.0
2021-07-15 00:00:00+00:00,650.6,666.14,637.88,658.39,20209571,216.8666666667,222.0466666667,212.6266666667,219.4633333333,60628713,0.0,1.0
2021-07-16 00:00:00+00:00,644.22,656.6999,642.2,654.68,16370970,214.74,218.8999666667,214.0666666667,218.2266666667,49112910,0.0,1.0
2021-07-19 00:00:00+00:00,646.22,647.1999,621.29,629.89,21297090,215.4066666667,215.7333,207.0966666667,209.9633333333,63891270,0.0,1.0
2021-07-20 00:00:00+00:00,660.5,662.3916,640.501,651.99,15487127,220.1666666667,220.7972,213.5003333333,217.33,46461381,0.0,1.0
2021-07-21 00:00:00+00:00,655.29,664.8599,650.2901,659.61,13953338,218.43,221.6199666667,216.7633666667,219.87,41860014,0.0,1.0
2021-07-22 00:00:00+00:00,649.26,662.17,644.6001,656.4428,15105727,216.42,220.7233333333,214.8667,218.8142666667,45317181,0.0,1.0
2021-07-23 00:00:00+00:00,643.38,648.8,637.3001,646.36,14604944,214.46,216.2666666667,212.4333666667,215.4533333333,43814832,0.0,1.0
2021-07-26 00:00:00+00:00,657.62,668.1999,647.11,650.97,25336556,219.2066666667,222.7333,215.7033333333,216.99,76009668,0.0,1.0
2021-07-27 00:00:00+00:00,644.78,666.5,627.24,663.4,32813290,214.9266666667,222.1666666667,209.08,221.1333333333,98439870,0.0,1.0
2021-07-28 00:00:00+00:00,646.98,654.9699,639.4001,646.995,16006596,215.66,218.3233,213.1333666667,215.665,48019788,0.0,1.0
2021-07-29 00:00:00+00:00,677.35,683.69,648.8,649.79,29688446,225.7833333333,227.8966666667,216.2666666667,216.5966666667,89065338,0.0,1.0
2021-07-30 00:00:00+00:00,687.2,697.53,669.0,671.758,29656411,229.0666666667,232.51,223.0,223.9193333333,88969233,0.0,1.0
2021-08-02 00:00:00+00:00,709.67,726.94,698.4,700.0,33615765,236.5566666667,242.3133333333,232.8,233.3333333333,100847295,0.0,1.0
2021-08-03 00:00:00+00:00,709.74,722.65,701.01,719.0,21620253,236.58,240.8833333333,233.67,239.6666666667,64860759,0.0,1.0
2021-08-04 00:00:00+00:00,710.92,724.9,708.93,711.0,17002647,236.9733333333,241.6333333333,236.31,237.0,51007941,0.0,1.0
2021-08-05 00:00:00+00:00,714.63,720.9499,711.41,716.0,12919637,238.21,240.3166333333,237.1366666667,238.6666666667,38758911,0.0,1.0
2021-08-06 00:00:00+00:00,699.1,716.33,697.63,711.9,15623049,233.0333333333,238.7766666667,232.5433333333,237.3,46869147,0.0,1.0
2021-08-09 00:00:00+00:00,713.76,719.03,705.13,710.17,14715349,237.92,239.6766666667,235.0433333333,236.7233333333,44146047,0.0,1.0
2021-08-10 00:00:00+00:00,709.99,716.59,701.88,713.99,13432305,236.6633333333,238.8633333333,233.96,237.9966666667,40296915,0.0,1.0
2021-08-11 00:00:00+00:00,707.82,715.18,704.21,712.71,9800558,235.94,238.3933333333,234.7366666667,237.57,29401674,0.0,1.0
2021-08-12 00:00:00+00:00,722.25,722.8,699.4,706.34,17681686,240.75,240.9333333333,233.1333333333,235.4466666667,53045058,0.0,1.0
2021-08-13 00:00:00+00:00,717.17,729.9,714.34,723.71,16671844,239.0566666667,243.3,238.1133333333,241.2366666667,50015532,0.0,1.0
2021-08-16 00:00:00+00:00,686.17,709.5,676.4,705.07,23103303,228.7233333333,236.5,225.4666666667,235.0233333333,69309909,0.0,1.0
2021-08-17 00:00:00+00:00,665.71,674.58,648.84,672.66,23721279,221.9033333333,224.86,216.28,224.22,71163837,0.0,1.0
2021-08-18 00:00:00+00:00,688.99,695.77,669.35,669.7479,20349375,229.6633333333,231.9233333333,223.1166666667,223.2493,61048125,0.0,1.0
2021-08-19 00:00:00+00:00,673.47,686.55,667.59,678.21,14313486,224.49,228.85,222.53,226.07,42940458,0.0,1.0
2021-08-20 00:00:00+00:00,680.26,692.1299,673.7,682.85,14841865,226.7533333333,230.7099666667,224.5666666667,227.6166666667,44525595,0.0,1.0
2021-08-23 00:00:00+00:00,706.3,712.1299,680.7505,685.442,20264859,235.4333333333,237.3766333333,226.9168333333,228.4806666667,60794577,0.0,1.0
2021-08-24 00:00:00+00:00,708.49,715.22,702.64,710.68,13083071,236.1633333333,238.4066666667,234.2133333333,236.8933333333,39249213,0.0,1.0
2021-08-25 00:00:00+00:00,711.2,716.97,704.0,707.03,12645562,237.0666666667,238.99,234.6666666667,235.6766666667,37936686,0.0,1.0
2021-08-26 00:00:00+00:00,701.16,715.4,697.6201,708.31,13214292,233.72,238.4666666667,232.5400333333,236.1033333333,39642876,0.0,1.0
2021-08-27 00:00:00+00:00,711.92,715.0,702.1001,705.0,13833763,237.3066666667,238.3333333333,234.0333666667,235.0,41501289,0.0,1.0
2021-08-30 00:00:00+00:00,730.91,731.0,712.73,714.715,18604220,243.6366666667,243.6666666667,237.5766666667,238.2383333333,55812660,0.0,1.0
2021-08-31 00:00:00+00:00,735.72,740.39,726.44,733.0,20855436,245.24,246.7966666667,242.1466666667,244.3333333333,62566308,0.0,1.0
2021-09-01 00:00:00+00:00,734.09,741.99,731.2701,734.08,13204335,244.6966666667,247.33,243.7567,244.6933333333,39613005,0.0,1.0
2021-09-02 00:00:00+00:00,732.39,740.97,730.54,734.5,12796739,244.13,246.99,243.5133333333,244.8333333333,38390217,0.0,1.0
2021-09-03 00:00:00+00:00,733.57,734.0,724.2,732.2494,15271045,244.5233333333,244.6666666667,241.4,244.0831333333,45813135,0.0,1.0
2021-09-07 00:00:00+00:00,752.92,760.2,739.26,740.0,20039825,250.9733333333,253.4,246.42,246.6666666667,60119475,0.0,1.0
2021-09-08 00:00:00+00:00,753.87,764.45,740.7733,761.58,18793036,251.29,254.8166666667,246.9244333333,253.86,56379108,0.0,1.0
2021-09-09 00:00:00+00:00,754.86,762.1,751.6301,753.41,14077731,251.62,254.0333333333,250.5433666667,251.1366666667,42233193,0.0,1.0
2021-09-10 00:00:00+00:00,736.27,762.61,734.5201,759.6,15184170,245.4233333333,254.2033333333,244.8400333333,253.2,45552510,0.0,1.0
2021-09-13 00:00:00+00:00,743.0,744.78,708.85,740.2143,22952482,247.6666666667,248.26,236.2833333333,246.7381,68857446,0.0,1.0
2021-09-14 00:00:00+00:00,744.49,754.47,736.4,742.57,18524881,248.1633333333,251.49,245.4666666667,247.5233333333,55574643,0.0,1.0
2021-09-15 00:00:00+00:00,755.83,756.86,738.36,745.0,15357685,251.9433333333,252.2866666667,246.12,248.3333333333,46073055,0.0,1.0
2021-09-16 00:00:00+00:00,756.99,758.91,747.61,752.83,13923393,252.33,252.97,249.2033333333,250.9433333333,41770179,0.0,1.0
2021-09-17 00:00:00+00:00,759.49,761.04,750.0,757.15,28204176,253.1633333333,253.68,250.0,252.3833333333,84612528,0.0,1.0
2021-09-20 00:00:00+00:00,730.17,742.0,718.6249,734.5577,24757652,243.39,247.3333333333,239.5416333333,244.8525666667,74272956,0.0,1.0
2021-09-21 00:00:00+00:00,739.38,744.7399,730.44,734.79,16330723,246.46,248.2466333333,243.48,244.93,48992169,0.0,1.0
2021-09-22 00:00:00+00:00,751.94,753.6699,739.12,743.5263,15126272,250.6466666667,251.2233,246.3733333333,247.8421,45378816,0.0,1.0
2021-09-23 00:00:00+00:00,753.64,758.2,747.92,755.0,11947527,251.2133333333,252.7333333333,249.3066666667,251.6666666667,35842581,0.0,1.0
2021-09-24 00:00:00+00:00,774.39,774.8,744.56,745.89,21373022,258.13,258.2666666667,248.1866666667,248.63,64119066,0.0,1.0
2021-09-27 00:00:00+00:00,791.36,799.0,769.31,773.12,28070657,263.7866666667,266.3333333333,256.4366666667,257.7066666667,84211971,0.0,1.0
2021-09-28 00:00:00+00:00,777.56,795.64,766.1801,787.2,25381422,259.1866666667,265.2133333333,255.3933666667,262.4,76144266,0.0,1.0
2021-09-29 00:00:00+00:00,781.31,793.5,770.68,779.8,20942877,260.4366666667,264.5,256.8933333333,259.9333333333,62828631,0.0,1.0
2021-09-30 00:00:00+00:00,775.48,789.1305,775.0,781.0,17955961,258.4933333333,263.0435,258.3333333333,260.3333333333,53867883,0.0,1.0
2021-10-01 00:00:00+00:00,775.22,780.78,763.59,778.4,17031414,258.4066666667,260.26,254.53,259.4666666667,51094242,0.0,1.0
2021-10-04 00:00:00+00:00,781.53,806.9699,776.12,796.5,30483341,260.51,268.9899666667,258.7066666667,265.5,91450023,0.0,1.0
2021-10-05 00:00:00+00:00,780.59,797.31,774.2,784.7962,18432625,260.1966666667,265.77,258.0666666667,261.5987333333,55297875,0.0,1.0
2021-10-06 00:00:00+00:00,782.75,786.66,773.22,776.2,14632768,260.9166666667,262.22,257.74,258.7333333333,43898304,0.0,1.0
2021-10-07 00:00:00+00:00,793.61,805.0,783.38,785.46,19195782,264.5366666667,268.3333333333,261.1266666667,261.82,57587346,0.0,1.0
2021-10-08 00:00:00+00:00,785.49,796.38,780.91,796.21,16738604,261.83,265.46,260.3033333333,265.4033333333,50215812,0.0,1.0
2021-10-11 00:00:00+00:00,791.94,801.24,785.5,787.65,14200322,263.98,267.08,261.8333333333,262.55,42600966,0.0,1.0
2021-10-12 00:00:00+00:00,805.72,812.32,796.57,800.93,22020040,268.5733333333,270.7733333333,265.5233333333,266.9766666667,66060120,0.0,1.0
2021-10-13 00:00:00+00:00,811.08,815.41,805.78,810.47,14120075,270.36,271.8033333333,268.5933333333,270.1566666667,42360225,0.0,1.0
2021-10-14 00:00:00+00:00,818.32,820.25,813.3501,815.49,12247170,272.7733333333,273.4166666667,271.1167,271.83,36741510,0.0,1.0
2021-10-15 00:00:00+00:00,843.03,843.21,822.35,823.7384,18924567,281.01,281.07,274.1166666667,274.5794666667,56773701,0.0,1.0
2021-10-18 00:00:00+00:00,870.11,875.26,851.47,851.79,24207244,290.0366666667,291.7533333333,283.8233333333,283.93,72621732,0.0,1.0
2021-10-19 00:00:00+00:00,864.27,877.95,862.51,877.53,17381128,288.09,292.65,287.5033333333,292.51,52143384,0.0,1.0
2021-10-20 00:00:00+00:00,865.8,869.49,857.38,865.35,14032052,288.6,289.83,285.7933333333,288.45,42096156,0.0,1.0
2021-10-21 00:00:00+00:00,894.0,900.0,855.5046,856.0,31481454,298.0,300.0,285.1682,285.3333333333,94444362,0.0,1.0
2021-10-22 00:00:00+00:00,909.68,910.0,890.96,895.5,22880835,303.2266666667,303.3333333333,296.9866666667,298.5,68642505,0.0,1.0
2021-10-25 00:00:00+00:00,1024.86,1045.02,944.2,950.53,62852099,341.62,348.34,314.7333333333,316.8433333333,188556297,0.0,1.0
2021-10-26 00:00:00+00:00,1018.43,1094.94,1001.44,1024.69,62414968,339.4766666667,364.98,333.8133333333,341.5633333333,187244904,0.0,1.0
2021-10-27 00:00:00+00:00,1037.86,1070.88,1030.78,1039.66,38526459,345.9533333333,356.96,343.5933333333,346.5533333333,115579377,0.0,1.0
2021-10-28 00:00:00+00:00,1077.04,1081.0,1054.2,1068.305,27213173,359.0133333333,360.3333333333,351.4,356.1016666667,81639519,0.0,1.0
2021-10-29 00:00:00+00:00,1114.0,1115.21,1073.205,1081.86,29918417,371.3333333333,371.7366666667,357.735,360.62,89755251,0.0,1.0
2021-11-01 00:00:00+00:00,1208.59,1209.75,1118.66,1145.0,54868952,402.8633333333,403.25,372.8866666667,381.6666666667,164606856,0.0,1.0
2021-11-02 00:00:00+00:00,1172.0,1208.59,1146.0,1159.355,42450935,390.6666666667,402.8633333333,382.0,386.4516666667,127352805,0.0,1.0
2021-11-03 00:00:00+00:00,1213.86,1215.39,1152.62,1177.33,34628519,404.62,405.13,384.2066666667,392.4433333333,103885557,0.0,1.0
2021-11-04 00:00:00+00:00,1229.91,1243.49,1217.0,1234.41,25397410,409.97,414.4966666667,405.6666666667,411.47,76192230,0.0,1.0
2021-11-05 00:00:00+00:00,1222.09,1239.87,1208.0,1228.0,21628812,407.3633333333,413.29,402.6666666667,409.3333333333,64886436,0.0,1.0
2021-11-08 00:00:00+00:00,1162.94,1197.0,1133.0,1149.785,33445715,387.6466666667,399.0,377.6666666667,383.2616666667,100337145,0.0,1.0
2021-11-09 00:00:00+00:00,1023.5,1174.5,1011.52,1173.6,58525547,341.1666666667,391.5,337.1733333333,391.2,175576641,0.0,1.0
2021-11-10 00:00:00+00:00,1067.95,1078.1,987.31,1010.41,42802722,355.9833333333,359.3666666667,329.1033333333,336.8033333333,128408166,0.0,1.0
2021-11-11 00:00:00+00:00,1063.51,1104.97,1054.68,1102.77,22396568,354.5033333333,368.3233333333,351.56,367.59,67189704,0.0,1.0
2021-11-12 00:00:00+00:00,1033.42,1054.5,1019.2,1047.5,25147852,344.4733333333,351.5,339.7333333333,349.1666666667,75443556,0.0,1.0
2021-11-15 00:00:00+00:00,1013.39,1031.98,978.6,1017.63,34775649,337.7966666667,343.9933333333,326.2,339.21,104326947,0.0,1.0
2021-11-16 00:00:00+00:00,1054.73,1057.1999,1002.18,1003.31,26542359,351.5766666667,352.3999666667,334.06,334.4366666667,79627077,0.0,1.0
2021-11-17 00:00:00+00:00,1089.01,1119.64,1055.5,1063.51,31445365,363.0033333333,373.2133333333,351.8333333333,354.5033333333,94336095,0.0,1.0
2021-11-18 00:00:00+00:00,1096.38,1112.0,1075.02,1106.55,20898930,365.46,370.6666666667,358.34,368.85,62696790,0.0,1.0
2021-11-19 00:00:00+00:00,1137.06,1138.7199,1092.7,1098.87,21642258,379.02,379.5733,364.2333333333,366.29,64926774,0.0,1.0
2021-11-22 00:00:00+00:00,1156.87,1201.95,1132.43,1162.33,33072509,385.6233333333,400.65,377.4766666667,387.4433333333,99217527,0.0,1.0
2021-11-23 00:00:00+00:00,1109.03,1180.4999,1062.7,1167.51,36171700,369.6766666667,393.4999666667,354.2333333333,389.17,108515100,0.0,1.0
2021-11-24 00:00:00+00:00,1116.0,1132.77,1062.0,1080.39,22560238,372.0,377.59,354.0,360.13,67680714,0.0,1.0
2021-11-26 00:00:00+00:00,1081.92,1108.7827,1081.0,1099.47,11680890,360.64,369.5942333333,360.3333333333,366.49,35042670,0.0,1.0
2021-11-29 00:00:00+00:00,1136.99,1142.67,1100.19,1100.99,19464467,378.9966666667,380.89,366.73,366.9966666667,58393401,0.0,1.0
2021-11-30 00:00:00+00:00,1144.76,1168.0,1118.0,1144.37,27092038,381.5866666667,389.3333333333,372.6666666667,381.4566666667,81276114,0.0,1.0
2021-12-01 00:00:00+00:00,1095.0,1172.8399,1090.76,1160.695,22934698,365.0,390.9466333333,363.5866666667,386.8983333333,68804094,0.0,1.0
2021-12-02 00:00:00+00:00,1084.6,1113.0,1056.65,1099.06,24371623,361.5333333333,371.0,352.2166666667,366.3533333333,73114869,0.0,1.0
2021-12-03 00:00:00+00:00,1014.97,1090.5753,1000.21,1084.79,30773995,338.3233333333,363.5251,333.4033333333,361.5966666667,92321985,0.0,1.0
2021-12-06 00:00:00+00:00,1009.01,1021.64,950.5,1001.51,27221037,336.3366666667,340.5466666667,316.8333333333,333.8366666667,81663111,0.0,1.0
2021-12-07 00:00:00+00:00,1051.75,1057.6739,1026.81,1044.2,18694857,350.5833333333,352.5579666667,342.27,348.0666666667,56084571,0.0,1.0
2021-12-08 00:00:00+00:00,1068.96,1072.38,1033.0001,1052.71,13968790,356.32,357.46,344.3333666667,350.9033333333,41906370,0.0,1.0
2021-12-09 00:00:00+00:00,1003.8,1062.49,1002.36,1060.64,19812832,334.6,354.1633333333,334.12,353.5466666667,59438496,0.0,1.0
2021-12-10 00:00:00+00:00,1017.03,1020.9797,982.53,1008.75,19888122,339.01,340.3265666667,327.51,336.25,59664366,0.0,1.0
2021-12-13 00:00:00+00:00,966.41,1005.0,951.42,1001.09,26198502,322.1366666667,335.0,317.14,333.6966666667,78595506,0.0,1.0
2021-12-14 00:00:00+00:00,958.51,966.41,930.0,945.0,23602090,319.5033333333,322.1366666667,310.0,315.0,70806270,0.0,1.0
2021-12-15 00:00:00+00:00,975.99,978.7499,928.2501,953.21,25056410,325.33,326.2499666667,309.4167,317.7366666667,75169230,0.0,1.0
2021-12-16 00:00:00+00:00,926.92,994.98,921.85,994.5,27590483,308.9733333333,331.66,307.2833333333,331.5,82771449,0.0,1.0
2021-12-17 00:00:00+00:00,932.57,960.6599,909.0401,914.77,33626754,310.8566666667,320.2199666667,303.0133666667,304.9233333333,100880262,0.0,1.0
2021-12-20 00:00:00+00:00,899.94,921.6884,893.39,910.7,18826671,299.98,307.2294666667,297.7966666667,303.5666666667,56480013,0.0,1.0
2021-12-21 00:00:00+00:00,938.53,939.5,886.12,916.87,23839305,312.8433333333,313.1666666667,295.3733333333,305.6233333333,71517915,0.0,1.0
2021-12-22 00:00:00+00:00,1008.87,1015.6599,957.05,965.66,31211362,336.29,338.5533,319.0166666667,321.8866666667,93634086,0.0,1.0
2021-12-23 00:00:00+00:00,1067.0,1072.9767,997.56,1006.8,30904429,355.6666666667,357.6589,332.52,335.6,92713287,0.0,1.0
2021-12-27 00:00:00+00:00,1093.94,1117.0,1070.7152,1073.67,23715273,364.6466666667,372.3333333333,356.9050666667,357.89,71145819,0.0,1.0
2021-12-28 00:00:00+00:00,1088.47,1118.9999,1078.42,1109.49,20107969,362.8233333333,372.9999666667,359.4733333333,369.83,60323907,0.0,1.0
2021-12-29 00:00:00+00:00,1086.19,1104.0,1064.14,1098.64,18718015,362.0633333333,368.0,354.7133333333,366.2133333333,56154045,0.0,1.0
2021-12-30 00:00:00+00:00,1070.34,1095.55,1053.15,1061.33,15680313,356.78,365.1833333333,351.05,353.7766666667,47040939,0.0,1.0
2021-12-31 00:00:00+00:00,1056.78,1081.9999,1054.59,1073.4444,13466216,352.26,360.6666333333,351.53,357.8148,40398648,0.0,1.0
